player_name,discord_id,condition_type,power
LittleHeap,@wolus6075,Lizardmen,3
LittleHeap,@wolus6075,Rare,2
LittleHeap,@wolus6075,skinwalkers,2
LittleHeap,@wolus6075,dark elves,2
Coolcucumber,@da_bossie,Demonspawn,2
ntt,@.ntt,rare,2
ntt,@.ntt,ogryn tribe,2
ntt,@.ntt,undead horde,4
ntt,@.ntt,sacred order,3
Lordveen,@lordveen,Demonspawn,3
ROUGHxRYDER,@andrewbryder,skinwalkers,2
ROUGHxRYDER,@andrewbryder,Gaellen Pact,2
ROUGHxRYDER,@andrewbryder,sacred order,4
ROUGHxRYDER,@andrewbryder,support,3
ROUGHxRYDER,@andrewbryder,dark elves,2
ROUGHxRYDER,@andrewbryder,dwarves,2
Drysling,@drysse,Dwarves,2
Klael,@klael0216,support,3
Klael,@klael0216,lizardmen,3
Klael,@klael0216,Knights Rev,3 
Klael,@klael0216,Skinwalkers,3
Klael,@klael0216,High Elves,4
Klael,@klael0216,epic,2
CapnHookB,@capnhookb,undead,2
CapnHookB,@capnhookb,corrupted,2
CapnHookB,@capnhookb,epic,2
Charlie007,@charlie0076599,Atk,3
Charlie007,@charlie0076599,Undead Horde,2
Just_Popie,@a_olie_29193,Sylvan Watchers,3
Just_Popie,@a_olie_29193,Demonspawn,2
Just_Popie,@a_olie_29193,Skinwalkers,2
Killa,@ki11a5256,Sylvan watcher,4
Killa,@ki11a5256,Undead horde,3
Killa,@ki11a5256,Support,2
Killa,@ki11a5256,Force,2
Killa,@ki11a5256,Magic,2 
Killa,@ki11a5256,Shadowkin,2 
Killa,@ki11a5256,Banner lords,2 
Killa,@ki11a5256,Barbarian,3
Lakebreeze,@starsnature,High elves,2
Demancer,@demancer,Barbarian,3
